001. Five Foot Two (C) [Lyrics][GCBS-Song-Book],GCBS-Song-Book.pdf,1
002. Ain't She Sweet (C) [Lyrics][GCBS-Song-Book],GCBS-Song-Book.pdf,2
003. Yes Sir That's My Baby (C) [Lyrics][GCBS-Song-Book],GCBS-Song-Book.pdf,3
004. Four Leaf Clover (C) [Lyrics][GCBS-Song-Book],GCBS-Song-Book.pdf,4
005. Baby Face (C) [Lyrics][GCBS-Song-Book],GCBS-Song-Book.pdf,5
006. If You Knew Suzie (C) [Lyrics][GCBS-Song-Book],GCBS-Song-Book.pdf,6
007. Five Foot Two Medley (C) [Lyrics][GCBS-Song-Book],GCBS-Song-Book.pdf,7
008. Four Leaf Clover Medley (C) [Lyrics][GCBS-Song-Book],GCBS-Song-Book.pdf,8
009. Heart of My Heart (G) [Lyrics][GCBS-Song-Book],GCBS-Song-Book.pdf,9
010. Wedding Bells are Breaking Up That Gang (G) [Lyrics][GCBS-Song-Book],GCBS-Song-Book.pdf,10
011. That Old Gang of Mine (G) [Lyrics][GCBS-Song-Book],GCBS-Song-Book.pdf,11
012. Toot-Toot-Tootsie (C) [Lyrics][GCBS-Song-Book],GCBS-Song-Book.pdf,12
013. Shine on Harvest Moon (G) [Lyrics][GCBS-Song-Book],GCBS-Song-Book.pdf,13
014. For Me and My Gal (G) [Lyrics][GCBS-Song-Book],GCBS-Song-Book.pdf,14
015. Spanish Eyes (C&F) [Lyrics][GCBS-Song-Book],GCBS-Song-Book.pdf,15
017. Sweet Georgia Brown (F) [Lyrics][GCBS-Song-Book],GCBS-Song-Book.pdf,17
018. Shanty Town (F) [Lyrics][GCBS-Song-Book],GCBS-Song-Book.pdf,18
019. Darkness on the Delta (F) [Lyrics][GCBS-Song-Book],GCBS-Song-Book.pdf,19
020. Just a Closer Walk with Thee (C) [Lyrics][GCBS-Song-Book],GCBS-Song-Book.pdf,20
021. Just a Closer Walk with Thee (F) [Lyrics][GCBS-Song-Book],GCBS-Song-Book.pdf,21
022. Mountain Dew (CFG) [Lyrics][GCBS-Song-Book],GCBS-Song-Book.pdf,22
023. The World is Waiting for the Sunrise (C&F) [Lyrics][GCBS-Song-Book],GCBS-Song-Book.pdf,23
024. Memories Are Made of This (F) [Lyrics][GCBS-Song-Book],GCBS-Song-Book.pdf,24
025. Cecilia (C) [Lyrics][GCBS-Song-Book],GCBS-Song-Book.pdf,25
026. Golden Slippers (G) [Lyrics][GCBS-Song-Book],GCBS-Song-Book.pdf,26
027. San Francisco Bay Blues (Bb) [Lyrics][GCBS-Song-Book],GCBS-Song-Book.pdf,27
028. Up the Lazy River (F) [Lyrics][GCBS-Song-Book],GCBS-Song-Book.pdf,28
029. It Had to Be You (F) [Lyrics][GCBS-Song-Book],GCBS-Song-Book.pdf,29
030. It Had to Be You (G) [Lyrics][GCBS-Song-Book],GCBS-Song-Book.pdf,30
031. Sweet Sue-Just You (G) [Lyrics][GCBS-Song-Book],GCBS-Song-Book.pdf,31
032. Bye-Bye Blues (C) [Lyrics][GCBS-Song-Book],GCBS-Song-Book.pdf,32
033. She'll be Coming Round the Mountain (G) [Lyrics][GCBS-Song-Book],GCBS-Song-Book.pdf,33
034. Darktown Strutters Ball (C) [Lyrics][GCBS-Song-Book],GCBS-Song-Book.pdf,34
035. Bye-Bye Blackbird (G) [Lyrics][GCBS-Song-Book],GCBS-Song-Book.pdf,35
036. You Are My Sunshine (F) [Lyrics][GCBS-Song-Book],GCBS-Song-Book.pdf,36
037. Cherry (C) [Lyrics][GCBS-Song-Book],GCBS-Song-Book.pdf,37
038. Alley Cat (C) [Lyrics][GCBS-Song-Book],GCBS-Song-Book.pdf,38
039. Angry (Bb) [Lyrics][GCBS-Song-Book],GCBS-Song-Book.pdf,39
040. Anytime (F) [Lyrics][GCBS-Song-Book],GCBS-Song-Book.pdf,40
041. Margie (F) [Lyrics][GCBS-Song-Book],GCBS-Song-Book.pdf,41
042. Ballin the Jack (Bb) [Lyrics][GCBS-Song-Book],GCBS-Song-Book.pdf,42
043. Good Old Days (C) [Lyrics][GCBS-Song-Book],GCBS-Song-Book.pdf,43
044. Alabama Jubilee (C&F) [Lyrics][GCBS-Song-Book],GCBS-Song-Book.pdf,44
045. Waiting for the Robert E. Lee (F&C) [Lyrics][GCBS-Song-Book],GCBS-Song-Book.pdf,45
047. Coney Island Washboard (C) [Lyrics][GCBS-Song-Book],GCBS-Song-Book.pdf,47
048. Happy Days Are Here Again (C) [Lyrics][GCBS-Song-Book],GCBS-Song-Book.pdf,48
049. Just Because (C&F&Bb) [Lyrics][GCBS-Song-Book],GCBS-Song-Book.pdf,49
050. Nobodys Sweetheart (G) [Lyrics][GCBS-Song-Book],GCBS-Song-Book.pdf,50
051. On the Sunny Side of the Street (C) [Lyrics][GCBS-Song-Book],GCBS-Song-Book.pdf,51
052. Rose of Washington Square (Bb) [Lyrics][GCBS-Song-Book],GCBS-Song-Book.pdf,52
053. Indiana (F) [Lyrics][GCBS-Song-Book],GCBS-Song-Book.pdf,53
054. Redhead (G) [Lyrics][GCBS-Song-Book],GCBS-Song-Book.pdf,54
055. Carolina in the Morning (C) [Lyrics][GCBS-Song-Book],GCBS-Song-Book.pdf,55
056. Ida Sweet as Apple Cider (C) [Lyrics][GCBS-Song-Book],GCBS-Song-Book.pdf,56
057. Rock a Bye Your Baby (C) [Lyrics][GCBS-Song-Book],GCBS-Song-Book.pdf,57
058. When the Saints Go Marching In (C&F&G) [Lyrics][GCBS-Song-Book],GCBS-Song-Book.pdf,58
059. Save the Last Dance for Me (Eb) [Lyrics][GCBS-Song-Book],GCBS-Song-Book.pdf,59
061. Sailing Down the Chesapeake Bay (F) [Lyrics][GCBS-Song-Book],GCBS-Song-Book.pdf,61
063. I'm Sitting on Top of the World (F) [Lyrics][GCBS-Song-Book],GCBS-Song-Book.pdf,63
064. All By Myself (C) [Lyrics][GCBS-Song-Book],GCBS-Song-Book.pdf,64
065. Swanee (F) [Lyrics][GCBS-Song-Book],GCBS-Song-Book.pdf,65
067. Blue Bayou (Bb) [Lyrics][GCBS-Song-Book],GCBS-Song-Book.pdf,67
068. Who's Sorry Now (Bb) [Lyrics][GCBS-Song-Book],GCBS-Song-Book.pdf,68
069. Somebody Else is Taking My Place (C) [Lyrics][GCBS-Song-Book],GCBS-Song-Book.pdf,69
070. April Showers (G) [Lyrics][GCBS-Song-Book],GCBS-Song-Book.pdf,70
071. Drifting and Dreaming (G) [Lyrics][GCBS-Song-Book],GCBS-Song-Book.pdf,71
072. Mister Sandman (Bb) [Lyrics][GCBS-Song-Book],GCBS-Song-Book.pdf,72
073. Avalon (F) [Lyrics][GCBS-Song-Book],GCBS-Song-Book.pdf,73
074. Pennsylvania Polka (F&Bb) [Lyrics][GCBS-Song-Book],GCBS-Song-Book.pdf,74
075. Shine (C) [Lyrics][GCBS-Song-Book],GCBS-Song-Book.pdf,75
076. Sheik of Araby (Bb) [Lyrics][GCBS-Song-Book],GCBS-Song-Book.pdf,76
077. Tennessee Waltz (C) [Lyrics][GCBS-Song-Book],GCBS-Song-Book.pdf,77
078. Rocky Top (D) [Lyrics][GCBS-Song-Book],GCBS-Song-Book.pdf,78
079. Under the Double Eagle (C&F) [Lyrics][GCBS-Song-Book],GCBS-Song-Book.pdf,79
080. Sentimental Me (Bb) [Lyrics][GCBS-Song-Book],GCBS-Song-Book.pdf,80
081. Washington and Lee Swing (C&F) [Lyrics][GCBS-Song-Book],GCBS-Song-Book.pdf,81
083. Bill Bailey (F) [Lyrics][GCBS-Song-Book],GCBS-Song-Book.pdf,83
084. Bourbon Street Parade (F) [Lyrics][GCBS-Song-Book],GCBS-Song-Book.pdf,84
085. Red Roses for a Blue Lady (C) [Lyrics][GCBS-Song-Book],GCBS-Song-Book.pdf,85
086. I Get the Blues When it Rains (F) [Lyrics][GCBS-Song-Book],GCBS-Song-Book.pdf,86
087. On the Road Again (G) [Lyrics][GCBS-Song-Book],GCBS-Song-Book.pdf,87
088. Ma! (He's Making Eyes At Me) (C) [Lyrics][GCBS-Song-Book],GCBS-Song-Book.pdf,88
089. When You're Smiling (C) [Lyrics][GCBS-Song-Book],GCBS-Song-Book.pdf,89
090. Goody-Goody (C) [Lyrics][GCBS-Song-Book],GCBS-Song-Book.pdf,90
091. Banjo Picker's Ball (G&C) [Lyrics][GCBS-Song-Book],GCBS-Song-Book.pdf,91
093. Chinatown (C) [Lyrics][GCBS-Song-Book],GCBS-Song-Book.pdf,93
094. China Boy (F) [Lyrics][GCBS-Song-Book],GCBS-Song-Book.pdf,94
095. Beer Barrel Polka (C&F) [Lyrics][GCBS-Song-Book],GCBS-Song-Book.pdf,95
097. San Antonio Rose (G) [Lyrics][GCBS-Song-Book],GCBS-Song-Book.pdf,97
098. Cruisin Down the River (F) [Lyrics][GCBS-Song-Book],GCBS-Song-Book.pdf,98
099. Heartaches (G) [Lyrics][GCBS-Song-Book],GCBS-Song-Book.pdf,99
100. Give My Regards to Broadway (F) [Lyrics][GCBS-Song-Book],GCBS-Song-Book.pdf,100
101. I Can't Give You Anything But Love (G) [Lyrics][GCBS-Song-Book],GCBS-Song-Book.pdf,101
102. By the Light of the Silvery Moon (C) [Lyrics][GCBS-Song-Book],GCBS-Song-Book.pdf,102
103. Whispering (Eb) [Lyrics][GCBS-Song-Book],GCBS-Song-Book.pdf,103
104. Whispering (C) [Lyrics][GCBS-Song-Book],GCBS-Song-Book.pdf,104
105. Anniversary Waltz (C) [Lyrics][GCBS-Song-Book],GCBS-Song-Book.pdf,105
106. Anniversary Song (G) [Lyrics][GCBS-Song-Book],GCBS-Song-Book.pdf,106
107. Wait Till the Sun Shines Nellie (Bb) [Lyrics][GCBS-Song-Book],GCBS-Song-Book.pdf,107
108. When You Wore a Tulip (Bb) [Lyrics][GCBS-Song-Book],GCBS-Song-Book.pdf,108
109. Let Me Call You Sweetheart (C) [Lyrics][GCBS-Song-Book],GCBS-Song-Book.pdf,109
110. Everywhere You Go (C) [Lyrics][GCBS-Song-Book],GCBS-Song-Book.pdf,110
111. Deed I Do (C) [Lyrics][GCBS-Song-Book],GCBS-Song-Book.pdf,111
112. Side by Side (C) [Lyrics][GCBS-Song-Book],GCBS-Song-Book.pdf,112
113. Are You Lonesome Tonight (C) [Lyrics][GCBS-Song-Book],GCBS-Song-Book.pdf,113
114. My Blue Heaven (C) [Lyrics][GCBS-Song-Book],GCBS-Song-Book.pdf,114
115. Charlie My Boy (C) [Lyrics][GCBS-Song-Book],GCBS-Song-Book.pdf,115
116. I'll Be Seeing You (C) [Lyrics][GCBS-Song-Book],GCBS-Song-Book.pdf,116
117. Have You Ever Been Lonely (C) [Lyrics][GCBS-Song-Book],GCBS-Song-Book.pdf,117
118. Someday You'll Be Sorry (C) [Lyrics][GCBS-Song-Book],GCBS-Song-Book.pdf,118
119. Mame (C) [Lyrics][GCBS-Song-Book],GCBS-Song-Book.pdf,119
120. I Wanta Girl (C&Bb) [Lyrics][GCBS-Song-Book],GCBS-Song-Book.pdf,120
121. Mary's a Grand Old Name (G) [Lyrics][GCBS-Song-Book],GCBS-Song-Book.pdf,121
122. We'll Meet Again (F) [Lyrics][GCBS-Song-Book],GCBS-Song-Book.pdf,122
123. Put Your Arms Around Me Honey (C) [Lyrics][GCBS-Song-Book],GCBS-Song-Book.pdf,123
124. Cherry Pink and Apple Blossom White (C) [Lyrics][GCBS-Song-Book],GCBS-Song-Book.pdf,124
125. Tico Tico (C) [Lyrics][GCBS-Song-Book],GCBS-Song-Book.pdf,125
126. Happy Birthday Medley (G) [Lyrics][GCBS-Song-Book],GCBS-Song-Book.pdf,126
127. After You've Gone (G) [Lyrics][GCBS-Song-Book],GCBS-Song-Book.pdf,127
128. Maria Elena (C) [Lyrics][GCBS-Song-Book],GCBS-Song-Book.pdf,128
129. H-A-R-R-1-G-A-N (G) [Lyrics][GCBS-Song-Book],GCBS-Song-Book.pdf,129
130. Danny Boy (C) [Lyrics][GCBS-Song-Book],GCBS-Song-Book.pdf,130
131. My Wild Irish Rose (Bb) [Lyrics][GCBS-Song-Book],GCBS-Song-Book.pdf,131
132. That's an Irish Lullaby (C) [Lyrics][GCBS-Song-Book],GCBS-Song-Book.pdf,132
133. Peggy O'Neil (C) [Lyrics][GCBS-Song-Book],GCBS-Song-Book.pdf,133
134. McNamara's Band (F) [Lyrics][GCBS-Song-Book],GCBS-Song-Book.pdf,134
135. When Irish Eyes are Smiling (C) [Lyrics][GCBS-Song-Book],GCBS-Song-Book.pdf,135
136. Peg O'My Heart (C) [Lyrics][GCBS-Song-Book],GCBS-Song-Book.pdf,136
137. You Belong to my Heart (C) [Lyrics][GCBS-Song-Book],GCBS-Song-Book.pdf,137
138. I Found A Million Dollar Baby (F) [Lyrics][GCBS-Song-Book],GCBS-Song-Book.pdf,138
139. I'm Nobody's Baby (G) [Lyrics][GCBS-Song-Book],GCBS-Song-Book.pdf,139
140. Limehouse Blues (G) [Lyrics][GCBS-Song-Book],GCBS-Song-Book.pdf,140
141. Song Sung Blue (C) [Lyrics][GCBS-Song-Book],GCBS-Song-Book.pdf,141
142. Wheels (C) [Lyrics][GCBS-Song-Book],GCBS-Song-Book.pdf,142
143. Helen Polka (F&Bb) [Lyrics][GCBS-Song-Book],GCBS-Song-Book.pdf,143
144. In a Little Spanish Town (Bb) [Lyrics][GCBS-Song-Book],GCBS-Song-Book.pdf,144
145. You Always Hurt the One You Love (Bb) [Lyrics][GCBS-Song-Book],GCBS-Song-Book.pdf,145
146. I Can't Stop Loving You (C) [Lyrics][GCBS-Song-Book],GCBS-Song-Book.pdf,146
147. It's a Sin to Tell a Lie (C) [Lyrics][GCBS-Song-Book],GCBS-Song-Book.pdf,147
148. Goofus (G) [Lyrics][GCBS-Song-Book],GCBS-Song-Book.pdf,148
149. You're Nobody til Somebody Loves You (F) [Lyrics][GCBS-Song-Book],GCBS-Song-Book.pdf,149
150. When the Red Red Robin (G) [Lyrics][GCBS-Song-Book],GCBS-Song-Book.pdf,150
151. Alexander's Ragtime Band (F) [Lyrics][GCBS-Song-Book],GCBS-Song-Book.pdf,151
152. Georgia on My Mind (F) [Lyrics][GCBS-Song-Book],GCBS-Song-Book.pdf,152
153. You Made Me Love You (C) [Lyrics][GCBS-Song-Book],GCBS-Song-Book.pdf,153
154. What a Wonderful World (F) [Lyrics][GCBS-Song-Book],GCBS-Song-Book.pdf,154
155. Crazy (F) [Lyrics][GCBS-Song-Book],GCBS-Song-Book.pdf,155
156. Yellow Bird (F) [Lyrics][GCBS-Song-Book],GCBS-Song-Book.pdf,156
157. Blueberry Hill (C) [Lyrics][GCBS-Song-Book],GCBS-Song-Book.pdf,157
158. My Mother's Eyes (C) [Lyrics][GCBS-Song-Book],GCBS-Song-Book.pdf,158
159. When My Baby Smiles at Me (G) [Lyrics][GCBS-Song-Book],GCBS-Song-Book.pdf,159
160. Way Down Yonder in New Orleans (F) [Lyrics][GCBS-Song-Book],GCBS-Song-Book.pdf,160
161. Hard Hearted Hannah (C) [Lyrics][GCBS-Song-Book],GCBS-Song-Book.pdf,161
162. A Good Man is Hard to Find (C) [Lyrics][GCBS-Song-Book],GCBS-Song-Book.pdf,162
163. Some of These Days (F) [Lyrics][GCBS-Song-Book],GCBS-Song-Book.pdf,163
164. St. Louis Blues (G) [Lyrics][GCBS-Song-Book],GCBS-Song-Book.pdf,164
165. Liechtensteiner Polka (F&C) [Lyrics][GCBS-Song-Book],GCBS-Song-Book.pdf,165
166. Pennies from Heaven (C) [Lyrics][GCBS-Song-Book],GCBS-Song-Book.pdf,166
167. Please Don't Talk About Me When I'm Gone (C) [Lyrics][GCBS-Song-Book],GCBS-Song-Book.pdf,167
168. Button Up Your Overcoat (C) [Lyrics][GCBS-Song-Book],GCBS-Song-Book.pdf,168
169. I'm Gonna Sit. and Write Myself a Letter (C) [Lyrics][GCBS-Song-Book],GCBS-Song-Book.pdf,169
170. I'm Confessin' That I Love You (G) [Lyrics][GCBS-Song-Book],GCBS-Song-Book.pdf,170
171. Amapola (G) [Lyrics][GCBS-Song-Book],GCBS-Song-Book.pdf,171
172. Honeysuckle Rose (F) [Lyrics][GCBS-Song-Book],GCBS-Song-Book.pdf,172
173. The Glory of Love (G) [Lyrics][GCBS-Song-Book],GCBS-Song-Book.pdf,173
174. Sidewalks of New York (G) [Lyrics][GCBS-Song-Book],GCBS-Song-Book.pdf,174
175. Hello Dolly (Bb) [Lyrics][GCBS-Song-Book],GCBS-Song-Book.pdf,175
176. California Here I Come (C) [Lyrics][GCBS-Song-Book],GCBS-Song-Book.pdf,176
177. All of Me (C) [Lyrics][GCBS-Song-Book],GCBS-Song-Book.pdf,177
178. Just a Gigalo & I Ain't Got Nobody (G) [Lyrics][GCBS-Song-Book],GCBS-Song-Book.pdf,178
179. Begin the Beguine (C) [Lyrics][GCBS-Song-Book],GCBS-Song-Book.pdf,179
181. Easter Parade (G) [Lyrics][GCBS-Song-Book],GCBS-Song-Book.pdf,181
182. Exactly Like You (G) [Lyrics][GCBS-Song-Book],GCBS-Song-Book.pdf,182
183. At Sundown (F) [Lyrics][GCBS-Song-Book],GCBS-Song-Book.pdf,183
184. Lazy-Hazy-Crazy-Days of Summer (C) [Lyrics][GCBS-Song-Book],GCBS-Song-Book.pdf,184
185. I'll Take Care Of Your Cares (Bb) [Lyrics][GCBS-Song-Book],GCBS-Song-Book.pdf,185
186. You'll Never Know (F) [Lyrics][GCBS-Song-Book],GCBS-Song-Book.pdf,186
187. Twilight Time (G) [Lyrics][GCBS-Song-Book],GCBS-Song-Book.pdf,187
188. Let's Fall in Love (C) [Lyrics][GCBS-Song-Book],GCBS-Song-Book.pdf,188
189. Down by the Old Mill Stream (G) [Lyrics][GCBS-Song-Book],GCBS-Song-Book.pdf,189
190. I May Be Wrong (Eb) [Lyrics][GCBS-Song-Book],GCBS-Song-Book.pdf,190
191. Do You Know What it Means to Miss New Orleans (C) [Lyrics][GCBS-Song-Book],GCBS-Song-Book.pdf,191
192. Maybe (F) [Lyrics][GCBS-Song-Book],GCBS-Song-Book.pdf,192
193. You're Driving Me Crazy (C) [Lyrics][GCBS-Song-Book],GCBS-Song-Book.pdf,193
194. In the Good Old Summertime (Bb) [Lyrics][GCBS-Song-Book],GCBS-Song-Book.pdf,194
195. When Your Old Wedding Ring Was New (C) [Lyrics][GCBS-Song-Book],GCBS-Song-Book.pdf,195
196. Basin Street Blues (C) [Lyrics][GCBS-Song-Book],GCBS-Song-Book.pdf,196
197. Is it True What They Say About Dixie (G) [Lyrics][GCBS-Song-Book],GCBS-Song-Book.pdf,197
198. Hey Good Lookin (Bb) [Lyrics][GCBS-Song-Book],GCBS-Song-Book.pdf,198
199. Cabaret (C) [Lyrics][GCBS-Song-Book],GCBS-Song-Book.pdf,199
200. Today (F) [Lyrics][GCBS-Song-Book],GCBS-Song-Book.pdf,200
201. Big Daddy's Alabamy Bound (C) [Lyrics][GCBS-Song-Book],GCBS-Song-Book.pdf,201
202. Alabamy Bound (G) [Lyrics][GCBS-Song-Book],GCBS-Song-Book.pdf,202
203. Try to Remember (G) [Lyrics][GCBS-Song-Book],GCBS-Song-Book.pdf,203
204. Beautiful Ohio (C) [Lyrics][GCBS-Song-Book],GCBS-Song-Book.pdf,204
205. Smiles (G) [Lyrics][GCBS-Song-Book],GCBS-Song-Book.pdf,205
207. I Just Called to Say I Love You (Bb) [Lyrics][GCBS-Song-Book],GCBS-Song-Book.pdf,207
209. Quando (Bb) [Lyrics][GCBS-Song-Book],GCBS-Song-Book.pdf,209
210. Yankee Doodle Boy (F) [Lyrics][GCBS-Song-Book],GCBS-Song-Book.pdf,210
211. Patriotic Medley (C&F) [Lyrics][GCBS-Song-Book],GCBS-Song-Book.pdf,211
213. God Bless America (F) [Lyrics][GCBS-Song-Book],GCBS-Song-Book.pdf,213
214. You're a Grand Old Flag (F) [Lyrics][GCBS-Song-Book],GCBS-Song-Book.pdf,214
215. Battle Hymn of the Republic (C) [Lyrics][GCBS-Song-Book],GCBS-Song-Book.pdf,215
216. Dixie (C) [Lyrics][GCBS-Song-Book],GCBS-Song-Book.pdf,216
217. Blue Christmas (F) [Lyrics][GCBS-Song-Book],GCBS-Song-Book.pdf,217
218. Frosty the Snowman (C) [Lyrics][GCBS-Song-Book],GCBS-Song-Book.pdf,218
219. It's Beginning to Look a Lot Like Christmas (G) [Lyrics][GCBS-Song-Book],GCBS-Song-Book.pdf,219
220. Jingle Bells (G) [Lyrics][GCBS-Song-Book],GCBS-Song-Book.pdf,220
221. Santa Claus is Coming to Town (C) [Lyrics][GCBS-Song-Book],GCBS-Song-Book.pdf,221
222. Silent Night (C) [Lyrics][GCBS-Song-Book],GCBS-Song-Book.pdf,222
223. We Wish You a Merry Christmas (G) [Lyrics][GCBS-Song-Book],GCBS-Song-Book.pdf,223
224. Rudolph (C) [Lyrics][GCBS-Song-Book],GCBS-Song-Book.pdf,224
225. Winter Wonderland (Eb) [Lyrics][GCBS-Song-Book],GCBS-Song-Book.pdf,225
226. White Christmas (C) [Lyrics][GCBS-Song-Book],GCBS-Song-Book.pdf,226
227. Silver Bells (C) [Lyrics][GCBS-Song-Book],GCBS-Song-Book.pdf,227
228. Jingle Bell Rock (C) [Lyrics][GCBS-Song-Book],GCBS-Song-Book.pdf,228
229. I'll Be Home for Christmas (C) [Lyrics][GCBS-Song-Book],GCBS-Song-Book.pdf,229
230. By the Beautiful Sea (C) [Lyrics][GCBS-Song-Book],GCBS-Song-Book.pdf,230
231. There Goes My Everything (G) [Lyrics][GCBS-Song-Book],GCBS-Song-Book.pdf,231
232. Moonglow (G) [Lyrics][GCBS-Song-Book],GCBS-Song-Book.pdf,232
233. Sesame Mucha (F) [Lyrics][GCBS-Song-Book],GCBS-Song-Book.pdf,233
234. Tic Tock Polka (C) [Lyrics][GCBS-Song-Book],GCBS-Song-Book.pdf,234
235. New York New York (Theme from) (F) [Lyrics][GCBS-Song-Book],GCBS-Song-Book.pdf,235
236. Chicago (C) [Lyrics][GCBS-Song-Book],GCBS-Song-Book.pdf,236
237. Bei Mir Bist Dushon (C) [Lyrics][GCBS-Song-Book],GCBS-Song-Book.pdf,237
238. I've Been Working on the Railroad (G) [Lyrics][GCBS-Song-Book],GCBS-Song-Book.pdf,238
239. Doctor Jazz (Eb) [Lyrics][GCBS-Song-Book],GCBS-Song-Book.pdf,239
240. Down at Papa Joe's (C) [Lyrics][GCBS-Song-Book],GCBS-Song-Book.pdf,240
241. Ain't Misbehavin' (C) [Lyrics][GCBS-Song-Book],GCBS-Song-Book.pdf,241
242. Best Things in Life are Free (C) [Lyrics][GCBS-Song-Book],GCBS-Song-Book.pdf,242
243. Arrivederci Roma (G) [Lyrics][GCBS-Song-Book],GCBS-Song-Book.pdf,243
244. Anema E Core (G) [Lyrics][GCBS-Song-Book],GCBS-Song-Book.pdf,244
245. Banjo's Back in Town (F) [Lyrics][GCBS-Song-Book],GCBS-Song-Book.pdf,245
246. Oh By Jingo! (G) [Lyrics][GCBS-Song-Book],GCBS-Song-Book.pdf,246
247. Dinah (G) [Lyrics][GCBS-Song-Book],GCBS-Song-Book.pdf,247
248. Careless Love & It's a Long Way to Tipperary (G&C) [Lyrics][GCBS-Song-Book],GCBS-Song-Book.pdf,248
249. Say Has Anybody Seen My Gypsie Rose (C) [Lyrics][GCBS-Song-Book],GCBS-Song-Book.pdf,249
250. Down Yonder (C) [Lyrics][GCBS-Song-Book],GCBS-Song-Book.pdf,250
251. Hundred Years From Today (C) [Lyrics][GCBS-Song-Book],GCBS-Song-Book.pdf,251
252. Just Another Polka (Bb) [Lyrics][GCBS-Song-Book],GCBS-Song-Book.pdf,252
253. Goodbye My Coney Island Baby (Bb) [Lyrics][GCBS-Song-Book],GCBS-Song-Book.pdf,253
254. Edelweiss (C) [Lyrics][GCBS-Song-Book],GCBS-Song-Book.pdf,254
255. Your Cheatin' Heart (C) [Lyrics][GCBS-Song-Book],GCBS-Song-Book.pdf,255
256. Whispering Hope (C) [Lyrics][GCBS-Song-Book],GCBS-Song-Book.pdf,256
257. La Paloma (C) [Lyrics][GCBS-Song-Book],GCBS-Song-Book.pdf,257
258. Goodnight Irene (G) [Lyrics][GCBS-Song-Book],GCBS-Song-Book.pdf,258
259. Runnin' Wild (B) [Lyrics][GCBS-Song-Book],GCBS-Song-Book.pdf,259
260. Lili Marlene (C) [Lyrics][GCBS-Song-Book],GCBS-Song-Book.pdf,260
261. Hindustan (medley) (C) [Lyrics][GCBS-Song-Book],GCBS-Song-Book.pdf,261
262. I'll Never Say Never Again (F) [Lyrics][GCBS-Song-Book],GCBS-Song-Book.pdf,262
263. I Don't Know Why (Bb) [Lyrics][GCBS-Song-Book],GCBS-Song-Book.pdf,263
264. I Can't Believe that You're in Love with Me (C) [Lyrics][GCBS-Song-Book],GCBS-Song-Book.pdf,264
265. Tea for Two (F) [Lyrics][GCBS-Song-Book],GCBS-Song-Book.pdf,265
266. lnka Dinka Doo (C) [Lyrics][GCBS-Song-Book],GCBS-Song-Book.pdf,266
267. Jambalaya (C) [Lyrics][GCBS-Song-Book],GCBS-Song-Book.pdf,267
268. Kansas City (C) [Lyrics][GCBS-Song-Book],GCBS-Song-Book.pdf,268
269. Yours (C) [Lyrics][GCBS-Song-Book],GCBS-Song-Book.pdf,269
270. Lady of Spain (C) [Lyrics][GCBS-Song-Book],GCBS-Song-Book.pdf,270
271. How High the Moon (F) [Lyrics][GCBS-Song-Book],GCBS-Song-Book.pdf,271
272. Lida Rose (F) [Lyrics][GCBS-Song-Book],GCBS-Song-Book.pdf,272
273. Louisiana Fairy Tale (Bb) [Lyrics][GCBS-Song-Book],GCBS-Song-Book.pdf,273
274. Makin' Whoopee (F) [Lyrics][GCBS-Song-Book],GCBS-Song-Book.pdf,274
275. El Cumbanchero (Eb) [Lyrics][GCBS-Song-Book],GCBS-Song-Book.pdf,275
276. Me and My Shadow (C) [Lyrics][GCBS-Song-Book],GCBS-Song-Book.pdf,276
277. Mention My Name In SheBoygan (F) [Lyrics][GCBS-Song-Book],GCBS-Song-Book.pdf,277
278. Pretty Baby (C) [Lyrics][GCBS-Song-Book],GCBS-Song-Book.pdf,278
279. Missouri Waltz (F) [Lyrics][GCBS-Song-Book],GCBS-Song-Book.pdf,279
280. Sunday (C) [Lyrics][GCBS-Song-Book],GCBS-Song-Book.pdf,280
281. Oh Lonesome Me (D) [Lyrics][GCBS-Song-Book],GCBS-Song-Book.pdf,281
283. Sweet Gypsie Rose (C) [Lyrics][GCBS-Song-Book],GCBS-Song-Book.pdf,283
284. Sleepy Time Gal (G) [Lyrics][GCBS-Song-Book],GCBS-Song-Book.pdf,284
285. Enjoy Yourself (C) [Lyrics][GCBS-Song-Book],GCBS-Song-Book.pdf,285
286. Tiger Rag (G) [Lyrics][GCBS-Song-Book],GCBS-Song-Book.pdf,286
287. Tiger Rag (Bb) [Lyrics][GCBS-Song-Book],GCBS-Song-Book.pdf,287
288. Drinking Champaigne (A) [Lyrics][GCBS-Song-Book],GCBS-Song-Book.pdf,288
289. Columbus Stockade Blues (F) [Lyrics][GCBS-Song-Book],GCBS-Song-Book.pdf,289
290. Jamaica Farewell (C) [Lyrics][GCBS-Song-Book],GCBS-Song-Book.pdf,290
292. Am I Blue (F) [Lyrics][GCBS-Song-Book],GCBS-Song-Book.pdf,292
293. Me and Bobby McGee (C) [Lyrics][GCBS-Song-Book],GCBS-Song-Book.pdf,293
294. If I Had You (Bb) [Lyrics][GCBS-Song-Book],GCBS-Song-Book.pdf,294
295. Yakety Sax (C) [Lyrics][GCBS-Song-Book],GCBS-Song-Book.pdf,295
296. The Entertainer (C) [Lyrics][GCBS-Song-Book],GCBS-Song-Book.pdf,296
297. This Land is Your Land (G) [Lyrics][GCBS-Song-Book],GCBS-Song-Book.pdf,297
298. Satin Doll (C) [Lyrics][GCBS-Song-Book],GCBS-Song-Book.pdf,298
299. Nevertheless (Bb) [Lyrics][GCBS-Song-Book],GCBS-Song-Book.pdf,299
300. Paddlin' Madelin' Home (C) [Lyrics][GCBS-Song-Book],GCBS-Song-Book.pdf,300
301. Take Me Out to the Ball Game (C) [Lyrics][GCBS-Song-Book],GCBS-Song-Book.pdf,301
302. Nagasaki (C) [Lyrics][GCBS-Song-Book],GCBS-Song-Book.pdf,302
303. My Baby Just Cares for Me (F) [Lyrics][GCBS-Song-Book],GCBS-Song-Book.pdf,303
304. Mobile (F) [Lyrics][GCBS-Song-Book],GCBS-Song-Book.pdf,304
305. You Were Meant For Me (F) [Lyrics][GCBS-Song-Book],GCBS-Song-Book.pdf,305
306. When I'm Sixty-Four (C) [Lyrics][GCBS-Song-Book],GCBS-Song-Book.pdf,306
307. Danke Shoen (Bb&C) [Lyrics][GCBS-Song-Book],GCBS-Song-Book.pdf,307
308. It's Hard to be Humble (D) [Lyrics][GCBS-Song-Book],GCBS-Song-Book.pdf,308
310. Never on Sunday (F) [Lyrics][GCBS-Song-Book],GCBS-Song-Book.pdf,310
311. Colonel Bogey (C) [Lyrics][GCBS-Song-Book],GCBS-Song-Book.pdf,311
312. East Side West Side (G) [Lyrics][GCBS-Song-Book],GCBS-Song-Book.pdf,312
313. I Wish I was Eighteen Again (C) [Lyrics][GCBS-Song-Book],GCBS-Song-Book.pdf,313
314. It's a Long Way to Tipperary & Careless Love (C) [Lyrics][GCBS-Song-Book],GCBS-Song-Book.pdf,314
315. Dream (Bb) [Lyrics][GCBS-Song-Book],GCBS-Song-Book.pdf,315
316. Muskrat Ramble (Bb) [Lyrics][GCBS-Song-Book],GCBS-Song-Book.pdf,316
317. Rockin Chair (Eb) [Lyrics][GCBS-Song-Book],GCBS-Song-Book.pdf,317
318. Bad Bad Leroy Brown (G) [Lyrics][GCBS-Song-Book],GCBS-Song-Book.pdf,318
319. Somebody Stole My Gal (C-F) [Lyrics][GCBS-Song-Book],GCBS-Song-Book.pdf,319
320. Amor (C) [Lyrics][GCBS-Song-Book],GCBS-Song-Book.pdf,320
321. The Woodpecker Song (C) [Lyrics][GCBS-Song-Book],GCBS-Song-Book.pdf,321
322. South of the Border (C) [Lyrics][GCBS-Song-Book],GCBS-Song-Book.pdf,322
324. Charleston & There Must Be A Way (Bb) [Lyrics][GCBS-Song-Book],GCBS-Song-Book.pdf,324
326. May You Always (G) [Lyrics][GCBS-Song-Book],GCBS-Song-Book.pdf,326
327. Second Hand Rose (F) [Lyrics][GCBS-Song-Book],GCBS-Song-Book.pdf,327
328. Floatin Down to Cotton Town (Bb) [Lyrics][GCBS-Song-Book],GCBS-Song-Book.pdf,328
329. When You and I Were Young Maggie (F) [Lyrics][GCBS-Song-Book],GCBS-Song-Book.pdf,329
330. Orange Blossom Special (C) [Lyrics][GCBS-Song-Book],GCBS-Song-Book.pdf,330
331. Radio (F) [Lyrics][GCBS-Song-Book],GCBS-Song-Book.pdf,331
332. 12th Street Rag (C) [Lyrics][GCBS-Song-Book],GCBS-Song-Book.pdf,332
334. Somewhere My Love (G) [Lyrics][GCBS-Song-Book],GCBS-Song-Book.pdf,334
335. Last Night on the Back Porch (C) [Lyrics][GCBS-Song-Book],GCBS-Song-Book.pdf,335
336. Amazing Grace (G) [Lyrics][GCBS-Song-Book],GCBS-Song-Book.pdf,336
337. Roll in My Sweet Baby's Arms (G) [Lyrics][GCBS-Song-Book],GCBS-Song-Book.pdf,337
338. Auld Lang Syne (F) [Lyrics][GCBS-Song-Book],GCBS-Song-Book.pdf,338
339. Tom Dooley (F) [Lyrics][GCBS-Song-Book],GCBS-Song-Book.pdf,339
340. Marie (F) [Lyrics][GCBS-Song-Book],GCBS-Song-Book.pdf,340
341. Let's Get the Banjo Out of the Attic (Bb) [Lyrics][GCBS-Song-Book],GCBS-Song-Book.pdf,341
342. I'll See You in my Dreams (F) [Lyrics][GCBS-Song-Book],GCBS-Song-Book.pdf,342
343. Old Cape Cod (F) [Lyrics][GCBS-Song-Book],GCBS-Song-Book.pdf,343
344. Dueling Banjos (G) [Lyrics][GCBS-Song-Book],GCBS-Song-Book.pdf,344
345. Baby Won't You Please Come Home (F) [Lyrics][GCBS-Song-Book],GCBS-Song-Book.pdf,345
346. Roll the Patrol (C) [Lyrics][GCBS-Song-Book],GCBS-Song-Book.pdf,346
348. Ace in the Hole (F) [Lyrics][GCBS-Song-Book],GCBS-Song-Book.pdf,348
350. Hoop Dee Doo Polka (C) [Lyrics][GCBS-Song-Book],GCBS-Song-Book.pdf,350
352. A Holly Jolly Christmas (C) [Lyrics][GCBS-Song-Book],GCBS-Song-Book.pdf,352
353. Old Bones (C) [Lyrics][GCBS-Song-Book],GCBS-Song-Book.pdf,353
355. HodgePodge (C) [Lyrics][GCBS-Song-Book],GCBS-Song-Book.pdf,355
356. Calliope Rag (C) [Lyrics][GCBS-Song-Book],GCBS-Song-Book.pdf,356
357. Exactly Like You (D) [Lyrics][GCBS-Song-Book],GCBS-Song-Book.pdf,357
358. Lover (C) [Lyrics][GCBS-Song-Book],GCBS-Song-Book.pdf,358
359. Mexicali Rose & Abilene (C&G) [Lyrics][GCBS-Song-Book],GCBS-Song-Book.pdf,359
360. The Oceana Roll (C) [Lyrics][GCBS-Song-Book],GCBS-Song-Book.pdf,360
362. Margaritaville (D) [Lyrics][GCBS-Song-Book],GCBS-Song-Book.pdf,362
364. Just a Gigalo (G) [Lyrics][GCBS-Song-Book],GCBS-Song-Book.pdf,364
365. I Ain't Got Nobody (G) [Lyrics][GCBS-Song-Book],GCBS-Song-Book.pdf,365
366. Chattanoogie Shoe Shine Boy (C) [Lyrics][GCBS-Song-Book],GCBS-Song-Book.pdf,366
368. Green Eyes (C) [Lyrics][GCBS-Song-Book],GCBS-Song-Book.pdf,368
370. One of Those Songs (C) [Lyrics][GCBS-Song-Book],GCBS-Song-Book.pdf,370
372. Walltz Across Texas (Bb) [Lyrics][GCBS-Song-Book],GCBS-Song-Book.pdf,372
373. Green Green Grass of Home (F) [Lyrics][GCBS-Song-Book],GCBS-Song-Book.pdf,373
374. Chicken Dance (C) [Lyrics][GCBS-Song-Book],GCBS-Song-Book.pdf,374